"","first","last","sex","age2","hire"
"1","Devon","Repollo","M",62,23000
"2","Nicholas","Mai","M",54,33000
"3","Miles","Wells","M",52,77000
"4","Arreon","Le","F",55,87000
"5","Benjamin","Maclellan","M",38,82000
"6","Rachel","Luther","F",44,43000
"7","Saalih","Taei","M",42,22000
"8","Andre","Garcia","M",31,39000
"9","Nusaiba","Findlay","F",48,35000
"10","Steven","Rodriguez","M",26,48000
"11","Alissa","Johnston","F",32,47000
"12","Anthony","Yang","M",43,34000
"13","Barinder","Chittum","M",36,79000
"14","Ziru","Bueno","F",60,85000
"15","Jose","el-Kazmi","M",40,66000
"16","Wambli","Bhattacharya","M",25,70000
"17","Michael","al-Ahmadi","M",31,87000
"18","Michalie","Warner","F",30,54000
"19","Raine","Archambault","F",22,76000
"20","Veronica","Munns","F",47,40000
"21","Joseph","Gulley","M",64,30000
"22","Greshman","Cisneros","M",42,76000
"23","Ariana","Tarver","F",55,92000
"24","Nkaujiaong","Blackcrow","F",57,53000
"25","Ryan","al-Abdoo","M",54,86000
"26","Mackensie","Weiss","M",58,75000
"27","Rocky","Park","M",51,96000
"28","Bethzayda","Delatorre","F",44,70000
"29","Hanaan","Hallenbeck","F",21,21000
"30","Jakoby","Marks","M",45,37000
"31","Cass","Young","M",27,98000
"32","Yaasmeena","Dyer","F",48,33000
"33","Raafida","Lenahan","F",18,96000
"34","Brittany","Quenzer","F",27,58000
"35","Logan","Mckee","M",42,70000
"36","Shaahira","Howard","F",60,96000
"37","Haajara","Dahal","F",37,99000
"38","Dejana","Tran","F",47,93000
"39","Dallas","el-Baksh","M",28,95000
"40","Luwai","Murray","M",41,60000
"41","Natasha","Matlock","F",51,42000
"42","Alyssa","Tall Bull","F",55,51000
"43","Sydney","Athey","F",60,19000
"44","Timothy","Stack","M",47,26000
"45","Aaron","Bernard","M",52,22000
"46","Azaleah","Welch","F",32,22000
"47","Leanna","Deroest","F",65,65000
"48","Saami","Sainz","M",50,61000
"49","Anissa","Heideman","F",21,56000
"50","Chelsy","Ahasic","F",37,94000
"51","Habeeba","Wauneka","F",33,89000
"52","Nicholas","Lennie","M",58,83000
"53","Cibella","Nguyen","F",42,42000
"54","Matthew","Vigil","M",19,51000
"55","Daniel","April","M",40,47000
"56","Carolina","Hornback","F",44,91000
"57","Cody","Rambo","M",33,94000
"58","Anna","Gaskins","F",33,67000
"59","Jade","Holmes","F",41,27000
"60","Dayshalai","Mark","F",47,37000
"61","Kin-Lino","Hart","M",52,40000
"62","Yongyee","Olmos","M",64,50000
"63","Sarah","Campbell","F",52,38000
"64","Sireen","Stevens","F",18,68000
"65","Wyatt","Duong","M",29,17000
"66","Thomas","Carney","M",40,43000
"67","Daikota","el-Din","F",29,67000
"68","Anh","Harada","F",34,51000
"69","Colleen","Oh","F",51,63000
"70","Monique","al-Nasir","F",22,60000
"71","Jessica","Lopez","F",31,97000
"72","Christopher","Perkins","M",21,87000
"73","Cody","Vallejos","M",36,37000
"74","Stephen","Allen","M",64,21000
"75","Alexis","Dixon","F",42,53000
"76","Joseph","Sims","M",34,15000
"77","Danny","Baird","M",27,44000
"78","Lee","Wright","M",22,47000
"79","Mariela","Heiderstadt","F",55,56000
"80","Michael","Brooks","M",34,66000
"81","Alanna","Archuleta","F",53,57000
"82","Christopher","Tompkins","M",52,62000
"83","Raaida","al-Mostafa","F",25,70000
"84","Jose","el-Hameed","M",39,95000
"85","Dhaki","Wall","M",62,49000
"86","Kirsten","Lira","F",43,85000
"87","Suhaa","Nguyen","F",27,60000
"88","Jordan","al-Shad","M",60,52000
"89","Muhaajir","Carlos","M",22,98000
"90","Colton","Orona Gandara","M",43,86000
"91","Ryan","Dettmann","M",36,62000
"92","Alyssa","Tapia Tarango","F",29,83000
"93","Lutfiyya","Cunningham","F",52,61000
"94","Henry","Doudna","M",57,99000
"95","Jason","Dodds","M",58,81000
"96","Ashley","Ochsner","F",58,82000
"97","Erick","Sanders","M",38,25000
"98","Jose","Knox","M",54,48000
"99","Story","Rohrkaste","F",41,71000
"100","Phillip","Moore","M",26,75000
"101","Aisha","Alcantar","F",57,37000
"102","Hamaama","Seth","F",44,26000
"103","Lisa","Andruss","F",65,49000
"104","Roderick","Mcdowell","M",31,39000
"105","Jade","Salazar","F",21,79000
"106","Kiersten","al-Kazi","F",55,83000
"107","Alex","Cooper","M",52,84000
"108","Sharad","al-Farooqui","M",44,75000
"109","Hannah","Frost","F",21,77000
"110","Phung","Zhen","M",18,42000
"111","Heather","al-Murad","F",54,80000
"112","Alexander","Guy","M",24,38000
"113","Breezy","Gee","F",40,44000
"114","Athena","Yazzie","F",18,73000
"115","Bria","Zhang","F",62,95000
"116","Marcus","Chaffin","M",50,95000
"117","Maria","al-Nagi","F",45,75000
"118","Dominic","Kim","M",43,86000
"119","Justin","Dizon","M",22,76000
"120","Fuaad","Preap","M",23,79000
"121","Keri","Whelan","F",19,16000
"122","Tulga","Rocha","M",33,19000
"123","Andy","al-Habib","M",43,29000
"124","Devon","Macias","M",64,74000
"125","Thalia","Waybill","F",53,51000
"126","Ashley","Barraza","F",62,83000
"127","Dylan","el-Mir","M",42,84000
"128","Joslin","Navakuku","F",45,58000
"129","Jessica","Lor","F",65,56000
"130","Mystica","Lee","F",23,22000
"131","Elijah","Duba","F",20,96000
"132","Haamid","Scannell","M",62,44000
"133","Ijya","Chhoeun","F",65,95000
"134","Jonathan","Carter","M",42,76000
"135","Daisy","Brink","F",34,21000
"136","Sage","Del Mazo Apablaza","M",30,74000
"137","Nhung","Bautista","F",22,40000
"138","John","Wright","M",65,96000
"139","Fayyaad","Battista","M",41,34000
"140","Trevor","Hewitt","M",27,97000
"141","Shaedon","el-Nagi","M",26,52000
"142","Shelbi","Morgan","F",60,35000
"143","Fernando","al-Greiss","M",59,56000
"144","Lamar","el-Selim","M",62,52000
"145","Chapin","Gupta","M",64,19000
"146","Brian","Liberatore","M",35,64000
"147","Khaalida","Gracia Renteria","F",41,94000
"148","Jacqueline","Aghi","F",44,99000
"149","Jordan","Nelson","M",26,57000
"150","Yaasmeena","Moya","F",26,90000
"151","Ziyaad","Stevens","M",60,67000
"152","Anthony","Gear","M",22,95000
"153","Elizabeth","Chrysler","F",51,54000
"154","Majeeda","Vigil","F",57,26000
"155","Tyann","Moua","F",41,32000
"156","Mareno","Fukushima","M",28,99000
"157","Kristie","Gallegos","F",41,28000
"158","Mariah","Presley","F",22,74000
"159","Norma","Stoeppel","F",27,65000
"160","Alejandro","al-Husain","M",50,65000
"161","Rabdaa","Gardner","F",31,27000
"162","Phanindra","Jimmerson Stinson","M",30,71000
"163","Mawdood","Griggs","M",49,43000
"164","Kellie","Pona","F",22,61000
"165","Mitchell","el-Hassan","M",25,98000
"166","Brianna","Cox","F",40,22000
"167","Tiana","Strange Owl","F",44,60000
"168","Kalisha","Graves","F",60,49000
"169","Kyle","Gorman","M",29,80000
"170","Yoshi","Aragon","M",36,98000
"171","Claire","Rotolo","F",59,83000
"172","Eugene","Wong","M",64,63000
"173","Bailey","Le","M",20,21000
"174","Rajaa","Flores","M",35,31000
"175","Orion","Miley","M",22,85000
"176","Khairiya","Huff","F",54,57000
"177","Zoe","Ramirez","F",34,63000
"178","John'Dunae","Turner","F",65,78000
"179","Edwin","Pinto","M",43,50000
"180","Shomari","Frazier","M",45,94000
"181","Elsa","Parris","F",35,42000
"182","Colin","Cardenas","M",41,88000
"183","Francisco","Tieman","M",46,36000
"184","Monica","Gladu","F",57,24000
"185","Christian","Dugan","M",23,93000
"186","Evelin","Bui","F",58,83000
"187","Tylene","el-Mowad","F",38,93000
"188","Maria","Pham","F",63,72000
"189","Parker","Krishnan","M",19,35000
"190","Mazeed","Rice","M",34,30000
"191","Jordan","Roberts","M",29,55000
"192","Farieha","el-Sultana","M",52,40000
"193","Antoine","Lopez","M",26,82000
"194","Luisa","Hudson","F",26,49000
"195","Angela","Thompson","F",45,74000
"196","Vanya","Harbor","F",54,20000
"197","Lauren","el-Hashemi","F",56,89000
"198","Jacob","Montoya","M",26,89000
"199","Pranaya","Ramos","F",48,52000
"200","Alexander","Windom","M",59,63000
"201","Mary","el-Ashraf","F",26,61000
"202","Shukri","el-Moghaddam","M",21,73000
"203","Heather","Gomez","F",50,84000
"204","Brandon","Buras","M",35,20000
"205","Molly","White","F",60,54000
"206","Gabriel","el-Salaam","M",59,30000
"207","Amanda","Martinez","F",28,60000
"208","Kulthum","Fujii","F",28,66000
"209","Joshua","Baldino","M",22,19000
"210","Theador","al-Samaan","M",21,37000
"211","Kaleem","Simpson","M",21,89000
"212","Antonio","Cuevas","M",29,28000
"213","Eric","Longwolf","M",63,23000
"214","Patrick","Chavez","M",65,81000
"215","Colton","Trujillo","M",55,40000
"216","Chandler","Martinez","F",31,34000
"217","Margarita","al-Farra","F",22,45000
"218","Tyler","Burton II","M",58,24000
"219","Wajiha","Meyerhofer","F",26,69000
"220","Olagappan","Tellez","M",48,20000
"221","James","Page","M",26,33000
"222","Tyia","el-Noori","F",35,71000
"223","Ryan","al-Amin","M",64,51000
"224","Geoffrey","Perkins","M",26,42000
"225","Safar","Donnellan","M",28,26000
"226","Hugo","Motley","M",48,30000
"227","Seth","Buena Castaneda","M",62,61000
"228","Deanna","Lopez","F",53,25000
"229","Rihaab","el-Kaba","F",53,82000
"230","Amber","Israel","F",33,37000
"231","Kayla","Brown","F",48,86000
"232","Sabrina","Smith","F",35,31000
"233","Jessica","Westbrooks","F",36,83000
"234","Luther","al-Galla","M",41,99000
"235","Thu Anh","Cooley","F",34,90000
"236","Cheyenne","Trang","F",46,93000
"237","Guillermo","Skeens","M",64,21000
"238","Mario","Hargis","M",51,88000
"239","Jasmin","Kreul","F",20,27000
"240","Kirsten","al-Sayed","F",40,58000
"241","Justin","el-Salih","M",34,48000
"242","Sovanara","Silva Leal","F",18,44000
"243","Carsen","el-Abdou","F",31,37000
"244","Jordyn","al-Baluch","F",34,69000
"245","Omar","el-Haider","M",23,83000
"246","Randy","Yang","M",51,99000
"247","Adrian","Xatkoun","M",19,68000
"248","Jayda","Orr","F",19,86000
"249","Steven","Scofield","M",61,91000
"250","Joshua","Billy","M",57,43000
"251","Jawaad","Wilson","M",50,26000
"252","Oscar","Redd","M",34,48000
"253","Mayyaada","Singh","F",64,65000
"254","Abyad","Hill","M",22,67000
"255","Shannon Grace","Winter","F",25,24000
"256","Deven","el-Ghattas","M",53,48000
"257","Isaias","Nieves","M",59,68000
"258","Michael","el-Younan","M",61,18000
"259","Alexis","Pallares","F",42,69000
"260","Armond","Knight","M",27,35000
"261","Meghna","Hellmann-Jones","F",34,58000
"262","Jalynn","Serrano","F",61,71000
"263","Jose","Pena","M",55,89000
"264","Trace","Rondeau","M",42,15000
"265","Jose","Conaway","M",47,41000
"266","Tareef","David","M",63,88000
"267","Alanna","Montes","F",57,34000
"268","Orchid","Thao","F",50,97000
"269","Sabrina","al-Mohammadi","F",56,23000
"270","Bailey","el-Jaber","F",62,15000
"271","Savannah","Thomas","F",41,28000
"272","Samantha","Yi","F",56,68000
"273","Marisela","Molina","F",55,17000
"274","Destiny","Walton","F",24,16000
"275","Joel","Watts","M",39,43000
"276","Saleem","Bishop","M",62,26000
"277","Juhaina","el-Kazmi","F",27,34000
"278","Sourob","Hurtado-Cerasoli","M",52,37000
"279","Angel","Tafoya","M",51,51000
"280","Shameem","Havens","M",59,74000
"281","Kyle","Taylor","M",61,32000
"282","David","Scheaffer","M",52,63000
"283","Manaara","Martinez","F",45,51000
"284","Chelsea","el-Basher","F",51,61000
"285","Devon","Bramblett","M",31,93000
"286","Caiman","Lee","M",40,39000
"287","Garrett","Luqman","M",63,92000
"288","Waseef","Palmer","M",20,33000
"289","Kody","al-Rabbani","M",45,26000
"290","Erika","Wellington","F",50,57000
"291","Jessenia","el-Sultan","F",65,81000
"292","Cycrena","Gipson","F",37,61000
"293","Elijah","Shibata","M",48,95000
"294","Alana","Russell","F",34,70000
"295","Hakeema","Wyatt","F",38,21000
"296","Jayda","Brassard","F",49,76000
"297","Tristan","el-Nagi","M",19,90000
"298","Eric","Flores","M",60,38000
"299","Johnson","Lee","M",57,30000
"300","Amber","Irwin","F",59,87000
